{"cameraMode":{"drawMode":0,"name":"Shaded","section":"Shading Mode"},"sceneLighting":false,"audioPlay":false,"sceneViewState":{"m_AlwaysRefresh":false,"showFog":true,"showSkybox":false,"showFlares":true,"showImageEffects":true,"showParticleSystems":true,"showVisualEffectGraphs":true,"m_FxEnabled":true},"in2DMode":false,"pivot":{"x":0.3737034797668457,"y":-4.117145538330078,"z":-0.0561981201171875},"rotation":{"x":0.14975348114967347,"y":-0.8062028288841248,"z":0.23042958974838258,"w":0.5239415764808655},"size":15.201236724853516,"orthographic":false}